Sign Asset ID,Asset Location ID,MUTCD Code,Sign Message,Asset Name,Asset Size,Asset Category,Asset Sub Category,Direction Facing,Sign Mount,Asset Condition,Asset Status,QC Status,QC Type,Asset Installation Date,Asset Removal Date,Data Collection Date,Created Date,Modified Date,Latitude,Longitude,Location
"677,227","612,075",D3-1,FAIR OAKS DR,Street Name,,SIGN_GUIDE,Street Name,NE,1.0,2.0,1.0,QC Complete,,,,2021 Feb 12 12:00:00 AM,2023 Oct 04 02:09:31 PM,2024 Jan 03 03:37:54 PM,30.219262388533505,-97.79512736443228,POINT (-97.795127364432 30.219262388534)
"77,755","40,345",,,Sign Post,,SIGN_POLE,,,1.0,2.0,1.0,QC Complete,,,,2021 Oct 29 12:00:00 AM,2022 Jun 30 02:03:59 PM,2022 Jun 30 02:57:51 PM,30.268784966854263,-97.73068880923348,POINT (-97.730688809233 30.268784966854)
"559,738","274,525",D3-1,HIGGINS ST,Street Name,,SIGN_GUIDE,Street Name,NE,1.0,2.0,1.0,QC Complete,,,,2021 Nov 07 12:00:00 AM,2023 Jan 04 01:56:33 PM,2023 Mar 28 06:16:23 PM,30.28278179402708,-97.70679972421344,POINT (-97.706799724213 30.282781794027)
"571,791","279,927",D3-1,JANEY DR,Street Name,,SIGN_GUIDE,Street Name,NW,1.0,2.0,1.0,QC Complete,,,,2021 Nov 05 12:00:00 AM,2023 Jan 04 02:03:25 PM,2023 Mar 28 06:16:23 PM,30.339880898043987,-97.74958963904238,POINT (-97.749589639042 30.339880898044)
"748,331","710,225",R8-3,NO PARKING LEFT ARROW,Sign Post,,SIGN_REGULATORY,Parking,NW,1.0,2.0,1.0,QC Complete,,,,2021 Apr 12 12:00:00 AM,2023 Oct 04 06:08:15 PM,2023 Oct 05 11:01:40 PM,30.28970581411957,-97.74224219473945,POINT (-97.742242194739 30.28970581412)
"758,419","708,870",R7-20,PAY TO PARK RIGHT ARROW,Sign Post,,SIGN_REGULATORY,Parking,NW,1.0,2.0,1.0,QC Complete,,,,2021 Apr 12 12:00:00 AM,2023 Oct 04 06:16:35 PM,2023 Oct 05 11:01:40 PM,30.28007188318302,-97.74672255939116,POINT (-97.746722559391 30.280071883183)
"546,482","270,941",R7-201P,TOW-AWAY ZONE,Sign Post,,SIGN_REGULATORY,Parking,SE,1.0,2.0,1.0,QC Complete,,,,2021 Oct 29 12:00:00 AM,2023 Jan 03 08:28:02 PM,2023 Mar 28 06:16:23 PM,30.294901577630288,-97.7350698538348,POINT (-97.735069853835 30.29490157763)
"637,275","618,270",,,Sign Post,,SIGN_POLE,,,1.0,2.0,1.0,,,,,2021 Nov 11 12:00:00 AM,2023 Oct 03 08:29:37 PM,2023 Oct 03 08:29:37 PM,30.23819563896826,-97.71848888839918,POINT (-97.718488888399 30.238195638968)
"658,239","604,578",D3-1,AUCKLAND DR,Street Name,,SIGN_GUIDE,Street Name,SE,1.0,2.0,1.0,QC Complete,,,,2021 Nov 30 12:00:00 AM,2023 Oct 04 01:54:28 PM,2024 Jan 03 03:37:54 PM,30.211129119951696,-97.88721187670905,POINT (-97.887211876709 30.211129119952)
"645,950","602,608",D3-1,STANDING CYPRESS DR,Street Name,,SIGN_GUIDE,Street Name,NW,1.0,2.0,1.0,QC Complete,,,,2021 Nov 18 12:00:00 AM,2023 Oct 03 08:42:58 PM,2023 Oct 05 11:01:40 PM,30.16714039904677,-97.88806473642666,POINT (-97.888064736427 30.167140399047)
"794,713","794,746",R7-201P,TOW AWAY ZONE SYMBOL,Tow Away Zone Symbol,10 x 15 in,SIGN_REGULATORY,,E,1.0,1.0,1.0,QC Complete,Install,2024 Oct 10 02:39:00 PM,,,2024 Oct 11 12:45:45 PM,2024 Oct 16 07:05:05 PM,30.496368571573896,-97.7534868210258,POINT (-97.753486821026 30.496368571574)
"567,767","278,263",D3-1,SPRINGFIELD DR,Street Name,,SIGN_GUIDE,Street Name,NW,1.0,2.0,1.0,QC Complete,,,,2021 Nov 02 12:00:00 AM,2023 Jan 04 02:00:52 PM,2023 Mar 28 06:16:23 PM,30.16126914277455,-97.73047251031966,POINT (-97.73047251032 30.161269142775)
"542,308","267,886",,,Sign Post,,SIGN_POLE,,,1.0,2.0,1.0,QC Complete,,,,2021 Oct 23 12:00:00 AM,2023 Jan 03 08:25:21 PM,2023 Jan 05 04:28:26 PM,30.36516825014496,-97.79901422499128,POINT (-97.799014224991 30.365168250145)
"686,401","609,730",R7-201P,TOW-AWAY ZONE,Sign Post,,SIGN_REGULATORY,Uncategorized,SW,1.0,2.0,1.0,QC Complete,,,,2021 Jun 12 12:00:00 AM,2023 Oct 04 02:28:08 PM,2023 Dec 06 09:50:01 PM,30.27349001047917,-97.81158097280532,POINT (-97.811580972805 30.273490010479)
"655,153","601,311",Non-MUTCD,W WILLIAM CANNON DR,Wayfinding,,SIGN_GUIDE,Uncategorized,NE,2.0,2.0,1.0,QC Complete,,,,2021 Nov 14 12:00:00 AM,2023 Oct 04 01:54:28 PM,2023 Dec 06 09:50:01 PM,30.22249590548083,-97.8388421251812,POINT (-97.838842125181 30.222495905481)
"547,618","270,645",,,Sign Post,,SIGN_POLE,,,1.0,2.0,1.0,QC Complete,,,,2021 Nov 06 12:00:00 AM,2023 Jan 03 08:28:02 PM,2023 Jan 05 04:34:17 PM,30.29415644106167,-97.71831580912652,POINT (-97.718315809127 30.294156441062)
"224,537","193,260",R7-201P,TOW-AWAY ZONE,Sign Post,,SIGN_REGULATORY,Parking,S,1.0,2.0,1.0,QC Complete,,,,2021 Oct 11 12:00:00 AM,2022 Oct 20 09:06:25 PM,2023 Mar 28 06:16:23 PM,30.38609718912845,-97.71430974163296,POINT (-97.714309741633 30.386097189128)
"626,711","614,088",D3-1,COUNCIL RIDGE,Street Name,,SIGN_GUIDE,Street Name,NW,1.0,2.0,1.0,QC Complete,,,,2021 Nov 10 12:00:00 AM,2023 Oct 03 08:29:37 PM,2023 Oct 05 11:01:40 PM,30.236374591101203,-97.74748329141164,POINT (-97.747483291412 30.236374591101)
"663,607","621,965",D3-1,STONEOAK LN,Street Name,,SIGN_GUIDE,Street Name,SW,1.0,2.0,1.0,QC Complete,,,,2021 Nov 15 12:00:00 AM,2023 Oct 04 01:54:28 PM,2024 Jan 03 03:37:54 PM,30.19874851019858,-97.79780662481582,POINT (-97.797806624816 30.198748510199)
"565,485","277,266",W13-1P,30 MPH,Sign Post,,SIGN_WARNING,Horizontal Alignment,NE,1.0,2.0,1.0,QC Complete,,,,2021 Nov 02 12:00:00 AM,2023 Jan 04 02:00:52 PM,2023 Mar 28 06:16:23 PM,30.201170705878297,-97.7338229489375,POINT (-97.733822948937 30.201170705878)
"728,631","700,064",D3-1,E 46TH ST,Street Name,,SIGN_GUIDE,Street Name,NE,1.0,2.0,1.0,QC Complete,,,,2021 Nov 09 12:00:00 AM,2023 Oct 04 05:47:54 PM,2023 Oct 05 11:01:40 PM,30.30635372108912,-97.71873937220548,POINT (-97.718739372205 30.306353721089)
"645,690","602,456",D3-1,OHMFIELD CT,Street Name,,SIGN_GUIDE,Street Name,E,1.0,2.0,1.0,QC Complete,,,,2021 Nov 18 12:00:00 AM,2023 Oct 03 08:42:58 PM,2023 Oct 05 11:01:40 PM,30.18113144746537,-97.89138699945876,POINT (-97.891386999459 30.181131447465)
"672,525","604,832",D3-1,OAK MEADOW DR,Street Name,,SIGN_GUIDE,Street Name,SW,1.0,2.0,1.0,QC Complete,,,,2021 Nov 30 12:00:00 AM,2023 Oct 04 02:09:31 PM,2024 Jan 03 03:37:54 PM,30.23253310422558,-97.87671145027042,POINT (-97.87671145027 30.232533104226)
"803,626","802,373",P1,,Sign Post,10 ft,SIGN_POLE,,,0.0,1.0,1.0,QC Complete,Install,2025 Jan 28 04:27:00 PM,,,2025 Jan 31 01:40:57 PM,2025 Feb 28 08:47:11 PM,30.172302088174185,-97.61392261503585,POINT (-97.613922615036 30.172302088174)
"63,300","37,453",D3-1,CREEK BEND DR,Street Name,,SIGN_GUIDE,Street Name,SE,1.0,2.0,1.0,QC Complete,,,,2021 Oct 29 12:00:00 AM,2022 Jun 30 02:03:59 PM,2023 Mar 28 06:16:23 PM,30.182360712313763,-97.7459595380508,POINT (-97.745959538051 30.182360712314)
"733,297","701,400",W16-9P,AHEAD,Sign Post,,SIGN_WARNING,Supplemental Plaque,SW,1.0,2.0,1.0,QC Complete,,,,2021 Nov 20 12:00:00 AM,2023 Oct 04 05:47:54 PM,2023 Oct 05 11:01:40 PM,30.30566726617748,-97.76488062230833,POINT (-97.764880622308 30.305667266177)
"733,631","700,777",R2-5bP,NEIGHBORHOOD,Neighborhood,,Regulatory,Supplemental Plaque,NE,1.0,2.0,1.0,QC Complete,,,,2021 Nov 20 12:00:00 AM,2023 Oct 04 05:47:54 PM,2024 Jul 03 02:52:19 PM,30.29636280990117,-97.76723489577364,POINT (-97.767234895774 30.296362809901)
"594,011","593,298",R2-5bP,NEIGHBORHOOD,Neighborhood,,Regulatory,Speed Limit,N,1.0,1.0,1.0,QC Complete,,2023 May 17 02:02:00 PM,,,2023 May 31 05:03:15 PM,2024 Jul 03 02:52:19 PM,30.304654030236247,-97.66485442834647,POINT (-97.664854428346 30.304654030236)
"743,503","705,131",D3-1,GASTON AVE,Street Name,,SIGN_GUIDE,Street Name,NE,1.0,2.0,1.0,QC Complete,,,,2021 Nov 17 12:00:00 AM,2023 Oct 04 06:08:15 PM,2023 Oct 05 11:01:40 PM,30.29663353381546,-97.75556568946268,POINT (-97.755565689463 30.296633533815)
"677,130","612,053",D3-1,JONES RD,Street Name,,SIGN_GUIDE,Street Name,SW,1.0,2.0,1.0,QC Complete,,,,2021 Feb 12 12:00:00 AM,2023 Oct 04 02:09:31 PM,2024 Jan 03 03:37:54 PM,30.22651228108347,-97.80552349677625,POINT (-97.805523496776 30.226512281083)
"164,407","134,406",R7-2,NO PARKING BOTH ARROWS,Street Light Post,,Regulatory,Parking,NW,1.0,2.0,1.0,QC Complete,,,,2021 Oct 21 12:00:00 AM,2022 Sep 16 12:49:45 PM,2023 Mar 28 06:16:23 PM,30.33597034208352,-97.67235550418432,POINT (-97.672355504184 30.335970342084)
"167,973","136,183",D3-1,BANYON ST,Street Name,,Guide,Street Name,SW,1.0,2.0,1.0,QC Complete,,,,2021 Oct 22 12:00:00 AM,2022 Sep 16 12:49:45 PM,2023 Mar 28 06:16:23 PM,30.3423881542896,-97.71616584436124,POINT (-97.716165844361 30.34238815429)
"260,882","200,680",,,Sign Post,,SIGN_POLE,,NW,1.0,2.0,1.0,QC Complete,,,,2021 Oct 16 12:00:00 AM,2022 Oct 20 09:23:54 PM,2022 Nov 01 12:48:27 PM,30.37441371533351,-97.7093792312664,POINT (-97.709379231266 30.374413715334)
"652,990","605,748",,,Sign Post,,SIGN_POLE,,,1.0,2.0,1.0,,,,,2021 Nov 14 12:00:00 AM,2023 Oct 03 08:42:58 PM,2023 Oct 03 08:42:58 PM,30.178482990004078,-97.83458219135396,POINT (-97.834582191354 30.178482990004)
"687,779","610,820",D3-1,ROCK TERRACE DR,Street Name,,SIGN_GUIDE,Street Name,NE,1.0,3.0,1.0,QC Complete,,,,2021 Nov 21 12:00:00 AM,2023 Oct 04 02:28:08 PM,2024 Jan 03 03:37:54 PM,30.251826327856723,-97.78766554144526,POINT (-97.787665541445 30.251826327857)
"262,160","202,440",,,Sign Post,,SIGN_POLE,,NE,1.0,2.0,1.0,QC Complete,,,,2021 Oct 17 12:00:00 AM,2022 Oct 20 09:23:54 PM,2022 Nov 01 12:48:27 PM,30.35988868195017,-97.71106522566772,POINT (-97.711065225668 30.35988868195)
"62,637","37,091",R7-2,NO PARKING BOTH ARROWS TOW-AWAY ZONE,Sign Post,,SIGN_REGULATORY,Parking,SW,1.0,2.0,1.0,QC Complete,,,,2021 Oct 29 12:00:00 AM,2022 Jun 30 02:03:59 PM,2023 Mar 28 06:16:23 PM,30.306247547643576,-97.70743642379936,POINT (-97.707436423799 30.306247547644)
"744,610","705,479",,,Sign Post,,SIGN_POLE,,,1.0,2.0,1.0,,,,,2021 Nov 17 12:00:00 AM,2023 Oct 04 06:08:15 PM,2023 Oct 04 06:08:15 PM,30.3033475362938,-97.7542776493428,POINT (-97.754277649343 30.303347536294)
"715,359","696,513",D3-1,FORT BRANCH BLVD,Street Name,,SIGN_GUIDE,Street Name,E,1.0,2.0,1.0,QC Complete,,,,2021 Jul 11 12:00:00 AM,2023 Oct 04 05:30:35 PM,2023 Oct 05 11:01:40 PM,30.27975225197534,-97.68072950943768,POINT (-97.680729509438 30.279752251975)
"740,220","710,788",R8-3,NO PARKING LEFT ARROW,Sign Post,,SIGN_REGULATORY,Parking,SW,1.0,2.0,1.0,QC Complete,,,,2021 Nov 17 12:00:00 AM,2023 Oct 04 05:47:54 PM,2023 Oct 05 11:01:40 PM,30.296146629709416,-97.74391749818734,POINT (-97.743917498187 30.296146629709)
"799,281","800,126",R2-5P,UNLESS OTHERWISE POSTED,Unless Otherwise Posted,24 x 18 in,SIGN_REGULATORY,,W,1.0,1.0,1.0,QC Complete,Install,2024 Nov 26 04:58:00 PM,,,2024 Dec 06 01:16:43 PM,2024 Dec 17 05:54:08 PM,30.1414027763508,-97.78016790520236,POINT (-97.780167905202 30.141402776351)
"72,707","36,660",D3-1,E 51ST ST,Street Name,,SIGN_GUIDE,Street Name,SW,1.0,2.0,1.0,QC Complete,,,,2021 Oct 29 12:00:00 AM,2022 Jun 30 02:03:59 PM,2023 Mar 28 06:16:23 PM,30.30464871095674,-97.70085452506342,POINT (-97.700854525063 30.304648710957)
"227,969","194,012",W16-9P,AHEAD,Street Light Post,,SIGN_WARNING,Supplemental Plaque,NE,1.0,2.0,1.0,QC Complete,,,,2021 Oct 13 12:00:00 AM,2022 Oct 20 09:06:25 PM,2023 Mar 28 03:51:51 PM,30.412376914769645,-97.68598596741832,POINT (-97.685985967418 30.41237691477)
"629,835","615,337",D3-1,PINEHURST DR,Street Name,,SIGN_GUIDE,Street Name,NW,1.0,2.0,1.0,QC Complete,,,,2021 Nov 16 12:00:00 AM,2023 Oct 03 08:29:37 PM,2023 Oct 05 11:01:40 PM,30.14371244378519,-97.78825802194622,POINT (-97.788258021946 30.143712443785)
"693,590","612,594",R15-1,RAILROAD CROSSBUCK,Signal Post,,SIGN_REGULATORY,Uncategorized,SE,1.0,2.0,1.0,QC Complete,,,,2021 Nov 19 12:00:00 AM,2023 Oct 04 02:28:08 PM,2023 Dec 06 09:50:01 PM,30.24908560725509,-97.76503553341344,POINT (-97.765035533413 30.249085607255)
"570,894","279,555",D3-1,GROVER AVE,Street Name,,SIGN_GUIDE,Street Name,SW,1.0,2.0,1.0,QC Complete,,,,2021 Nov 05 12:00:00 AM,2023 Jan 04 02:03:25 PM,2023 Mar 28 06:16:23 PM,30.34840276627393,-97.72306987204104,POINT (-97.723069872041 30.348402766274)
"171,583","142,783",R10-6,STOP HERE ON RED,Sign Post,,Regulatory,Traffic Signal,SW,1.0,2.0,1.0,QC Complete,,,,2021 Oct 22 12:00:00 AM,2022 Sep 16 12:54:11 PM,2023 Mar 28 06:16:23 PM,30.35877811316442,-97.73025633612036,POINT (-97.73025633612 30.358778113164)
"576,327","271,451",,,Sign Post,,SIGN_POLE,,,1.0,2.0,1.0,QC Complete,,,,2021 Oct 30 12:00:00 AM,2023 Jan 04 02:13:26 PM,2023 Jan 05 04:05:41 PM,30.26284676343952,-97.73128939519572,POINT (-97.731289395196 30.26284676344)
"550,924","271,494",D3-1,NAVASOTA ST,Sign Post,,SIGN_GUIDE,Street Name,NW,1.0,2.0,1.0,QC Complete,,,,2021 Oct 30 12:00:00 AM,2023 Jan 03 09:13:32 PM,2024 Feb 08 08:28:32 PM,30.25569242750081,-97.73222625204072,POINT (-97.732226252041 30.255692427501)
"571,168","279,668",D3-1,YATES AVE,Street Name,,SIGN_GUIDE,Street Name,SE,1.0,2.0,1.0,QC Complete,,,,2021 Nov 05 12:00:00 AM,2023 Jan 04 02:03:25 PM,2023 Mar 28 06:16:23 PM,30.34523816402879,-97.72943786973906,POINT (-97.729437869739 30.345238164029)
"217,357","187,626",,,Sign Post,,SIGN_POLE,,,1.0,2.0,1.0,QC Complete,,,,2021 Oct 08 12:00:00 AM,2022 Oct 20 09:01:31 PM,2022 Oct 31 04:51:03 PM,30.44946202393447,-97.7677423136286,POINT (-97.767742313629 30.449462023934)
"62,033","36,854",D3-1,JAMES WHEAT ST,Street Name,,SIGN_GUIDE,Street Name,NW,1.0,2.0,1.0,QC Complete,,,,2021 Oct 29 12:00:00 AM,2022 Jun 30 02:03:59 PM,2023 Mar 28 06:16:23 PM,30.30000242207273,-97.7084045422474,POINT (-97.708404542247 30.300002422073)
"227,940","193,998",W14-2,NO OUTLET,Street Light Post,,SIGN_WARNING,Cross Section,NW,1.0,2.0,1.0,QC Complete,,,,2021 Oct 13 12:00:00 AM,2022 Oct 20 09:06:25 PM,2023 Mar 28 06:16:23 PM,30.419244158181563,-97.68307013618484,POINT (-97.683070136185 30.419244158182)
"792,932","617,681",R2-5P,UNLESS OTHERWISE POSTED,Unless Otherwise Posted,,SIGN_REGULATORY,,S,1.0,1.0,1.0,QC Complete,Install,2024 Sep 03 01:55:00 PM,,,2024 Sep 10 12:56:33 PM,2024 Sep 10 08:36:42 PM,30.14436638829769,-97.8068611868451,POINT (-97.806861186845 30.144366388298)
"806,378","38,234",TPWR-224,PARKATXAPP.COM OR TEXT PARKING TO 30843 TO PAY,Park ATX Text to Park (Plaque),10 x 15 in,SIGN_GUIDE,Parking,W,1.0,1.0,1.0,QC Complete,Install,2024 Jun 08 02:05:00 PM,,,2025 Feb 25 04:41:50 PM,2025 Apr 25 08:46:51 PM,30.24983274856309,-97.75082454072307,POINT (-97.750824540723 30.249832748563)
"664,585","606,157",W1-1L,LEFT TURN,Sign Post,,SIGN_WARNING,Uncategorized,NE,1.0,2.0,1.0,QC Complete,,,,2021 Nov 30 12:00:00 AM,2023 Oct 04 01:54:28 PM,2023 Dec 06 09:50:01 PM,30.22892007599337,-97.86753768054824,POINT (-97.867537680548 30.228920075993)
"733,011","706,598",R7-201P,TOW-AWAY ZONE,Sign Post,,SIGN_REGULATORY,Parking,SW,1.0,2.0,1.0,QC Complete,,,,2021 Sep 11 12:00:00 AM,2023 Oct 04 05:47:54 PM,2023 Oct 05 11:01:40 PM,30.29783089944187,-97.73346003939596,POINT (-97.733460039396 30.297830899442)
"772,766","769,955",R7-201P,TOW-AWAY ZONE,Sign Post,10 x 15 in,SIGN_REGULATORY,Parking,W,1.0,1.0,1.0,QC Complete,,2023 Dec 14 01:34:00 PM,,,2024 Jan 02 07:06:19 PM,2024 Apr 09 01:46:23 PM,30.197261795442675,-97.77870519595044,POINT (-97.77870519595 30.197261795443)
"748,395","710,249",R7-20,PAY TO PARK RIGHT ARROW,Sign Post,,SIGN_REGULATORY,Parking,NW,1.0,2.0,1.0,QC Complete,,,,2021 Apr 12 12:00:00 AM,2023 Oct 04 06:08:15 PM,2023 Oct 05 11:01:40 PM,30.290815140515825,-97.74586518403795,POINT (-97.745865184038 30.290815140516)
"736,204","706,970",R8-3,NO PARKING LEFT ARROW,Sign Post,,SIGN_REGULATORY,Parking,NW,1.0,2.0,1.0,QC Complete,,,,2021 Sep 11 12:00:00 AM,2023 Oct 04 05:47:54 PM,2023 Oct 05 11:01:40 PM,30.31239004741813,-97.73909241483626,POINT (-97.739092414836 30.312390047418)
"170,969","142,501",R7-201P,TOW-AWAY ZONE,Sign Post,,Regulatory,Parking,SE,1.0,2.0,1.0,QC Complete,,,,2021 Oct 22 12:00:00 AM,2022 Sep 16 12:54:11 PM,2023 Mar 28 06:16:23 PM,30.3467269847072,-97.69462797686268,POINT (-97.694627976863 30.346726984707)
"732,692","701,194",Non-MUTCD,HANDICAPPED PARKING,Sign Post,,SIGN_GUIDE,Uncategorized,NW,1.0,2.0,1.0,QC Complete,,,,2021 Nov 20 12:00:00 AM,2023 Oct 04 05:47:54 PM,2023 Oct 05 11:01:40 PM,30.30051840925298,-97.76478116175998,POINT (-97.76478116176 30.300518409253)
"712,808","695,369",D3-1,SALINA ST,Street Name,,SIGN_GUIDE,Street Name,SW,1.0,2.0,1.0,QC Complete,,,,2021 Jun 11 12:00:00 AM,2023 Oct 04 05:30:35 PM,2023 Oct 05 11:01:40 PM,30.277576378307216,-97.72184713515894,POINT (-97.721847135159 30.277576378307)
"658,604","604,253",,,Sign Post,,SIGN_POLE,,,1.0,2.0,1.0,,,,,2021 Nov 30 12:00:00 AM,2023 Oct 04 01:54:28 PM,2023 Oct 04 01:54:28 PM,30.21617134025628,-97.84852641508267,POINT (-97.848526415083 30.216171340256)
"82,816","82,526",P1,Square,"342: POLE, ''Square"", 10 ft",10 ft,SIGN_POLE,,,0.0,,1.0,QC Complete,,2022 Aug 26 07:25:00 AM,,,2022 Sep 09 05:23:09 PM,2022 Sep 09 07:21:25 PM,30.39102200568925,-97.84273291056238,POINT (-97.842732910562 30.391022005689)
"221,028","190,760",W8-2,DIP,Street Light Post,,SIGN_WARNING,Surface Condition,NE,1.0,2.0,1.0,QC Complete,,,,2021 Oct 09 12:00:00 AM,2022 Oct 20 09:01:31 PM,2023 Mar 28 06:16:23 PM,30.42482479518705,-97.76364170742784,POINT (-97.763641707428 30.424824795187)
"627,925","612,991",,,Sign Post,,SIGN_POLE,,,1.0,2.0,1.0,,,,,2021 Nov 10 12:00:00 AM,2023 Oct 03 08:29:37 PM,2023 Oct 03 08:29:37 PM,30.23597235224921,-97.69626210920715,POINT (-97.696262109207 30.235972352249)
"599,835","702,249",R10-15R,RIGHT TURNING VEHICLES STOP FOR PEDS AND BIKES,Signal Post,36 x 36 in,SIGN_REGULATORY,Pedestrian,W,1.0,1.0,1.0,QC Complete,Install,2023 Jul 26 03:25:00 PM,,,2023 Sep 05 03:36:20 PM,2023 Oct 13 01:23:46 PM,30.320953444360104,-97.72932355475562,POINT (-97.729323554756 30.32095344436)
"650,979","621,340",R3-5a,STRAIGHT ONLY,Signal Post,,SIGN_REGULATORY,Lane Control,NW,2.0,2.0,1.0,QC Complete,,,,2021 Nov 16 12:00:00 AM,2023 Oct 03 08:42:58 PM,2023 Oct 05 11:01:40 PM,30.17271488444528,-97.79957144964288,POINT (-97.799571449643 30.172714884445)
"204,544","185,498",D3-1,FALLON CV,Street Name,,SIGN_GUIDE,Street Name,N,1.0,2.0,1.0,QC Complete,,,,2021 Oct 06 12:00:00 AM,2022 Oct 20 08:55:36 PM,2023 Mar 28 06:16:23 PM,30.49089352884252,-97.7685367525514,POINT (-97.768536752551 30.490893528843)
"671,016","610,506",W3-1,STOP AHEAD,Street Light Post,,SIGN_WARNING,Uncategorized,NE,1.0,3.0,1.0,QC Complete,,,,2021 Nov 20 12:00:00 AM,2023 Oct 04 02:09:31 PM,2023 Dec 06 09:50:01 PM,30.208534021848727,-97.81145493709896,POINT (-97.811454937099 30.208534021849)
"584,243","280,458",,,Sign Post,,SIGN_POLE,,,1.0,2.0,1.0,QC Complete,,,,2021 Nov 06 12:00:00 AM,2023 Jan 04 02:19:19 PM,2023 Jan 05 04:12:24 PM,30.2756276674731,-97.7076252454011,POINT (-97.707625245401 30.275627667473)
"804,317","804,315",P2,Square,Sign Post,11 ft,SIGN_POLE,,,0.0,1.0,1.0,QC Complete,Install,2024 Aug 15 06:44:00 PM,,,2025 Feb 04 11:14:42 PM,2025 Feb 04 11:14:42 PM,30.31077751288837,-97.72729724625594,POINT (-97.727297246256 30.310777512888)
"668,435","601,122",D3-1,OAK ALY,Street Name,,SIGN_GUIDE,Street Name,NW,1.0,2.0,1.0,QC Complete,,,,2021 Nov 14 12:00:00 AM,2023 Oct 04 02:09:31 PM,2024 Jan 03 03:37:54 PM,30.198616449615923,-97.83130830585884,POINT (-97.831308305859 30.198616449616)
"569,612","278,946",W16-7PL,DOWNWARD DIAGONAL LEFT ARROW,Sign Post,,SIGN_WARNING,Supplemental Plaque,NE,1.0,2.0,1.0,QC Complete,,,,2021 Nov 02 12:00:00 AM,2023 Jan 04 02:03:25 PM,2023 Jul 28 02:51:47 PM,30.237332562556823,-97.70229520768596,POINT (-97.702295207686 30.237332562557)
"749,222","711,015",D3-1,W MARTIN LUTHER KING JR BLVD,Street Name,,SIGN_GUIDE,Street Name,SW,1.0,2.0,1.0,QC Complete,,,,2021 Apr 12 12:00:00 AM,2023 Oct 04 06:08:15 PM,2023 Oct 05 11:01:40 PM,30.28320441153784,-97.74677983752632,POINT (-97.746779837526 30.283204411538)
"724,090","703,425",D3-1,CRESTWAY DR,Street Name,,SIGN_GUIDE,Street Name,NE,1.0,2.0,1.0,QC Complete,,,,2021 Aug 11 12:00:00 AM,2023 Oct 04 05:30:35 PM,2023 Oct 05 11:01:40 PM,30.33309919896151,-97.76364992794856,POINT (-97.763649927949 30.333099198962)
"161,728","133,161",R7-201P,TOW-AWAY ZONE,Sign Post,,Regulatory,Parking,E,1.0,2.0,1.0,QC Complete,,,,2021 Oct 21 12:00:00 AM,2022 Sep 16 12:49:45 PM,2023 Mar 28 06:16:23 PM,30.325589183732003,-97.68859296139053,POINT (-97.688592961391 30.325589183732)
"753,279","706,193",,,Sign Post,,SIGN_POLE,,,1.0,2.0,1.0,,,,,2021 Nov 17 12:00:00 AM,2023 Oct 04 06:16:35 PM,2023 Oct 04 06:16:35 PM,30.28244879721404,-97.7541021989253,POINT (-97.754102198925 30.282448797214)
"585,813","275,799",,,Sign Post,,SIGN_POLE,,,1.0,2.0,1.0,QC Complete,,,,2021 Oct 30 12:00:00 AM,2023 Jan 04 02:19:19 PM,2023 Jan 05 04:21:18 PM,30.286061457250085,-97.68169635836462,POINT (-97.681696358365 30.28606145725)
"168,055","136,220",D3-1,GARDEN VIEW DR,Street Name,,Guide,Street Name,SE,1.0,2.0,1.0,QC Complete,,,,2021 Oct 18 12:00:00 AM,2022 Sep 16 12:54:11 PM,2023 Mar 28 06:16:23 PM,30.287460593160223,-97.65958687912614,POINT (-97.659586879126 30.28746059316)
"767,814","777,146",R7-22,PAY TO PARK MOBILE APP ONLY PARK ATX ZONE 40017 MON-SAT: 8AM-12MID SUN: 1PM-12MID BOTH ARROWS,Pay To Park Zone 40017,15 x 21 in,SIGN_REGULATORY,Parking,W,1.0,1.0,1.0,QC Complete,Install,2023 Sep 24 05:14:00 AM,,,2023 Oct 24 07:50:12 PM,2024 Apr 09 01:46:23 PM,30.244335768544296,-97.75148534276802,POINT (-97.751485342768 30.244335768544)
"637,704","618,459",W14-2aR,NO OUTLET,Sign Post,,SIGN_WARNING,Cross Section,SE,1.0,2.0,1.0,QC Complete,,,,2021 Nov 11 12:00:00 AM,2023 Oct 03 08:29:37 PM,2023 Oct 05 11:01:40 PM,30.237867559951354,-97.69615868534804,POINT (-97.696158685348 30.237867559951)
"550,477","271,307",D3-1,WEBBERVILLE RD,Street Name,,SIGN_GUIDE,Street Name,SE,1.0,2.0,1.0,QC Complete,,,,2021 Nov 06 12:00:00 AM,2023 Jan 03 09:13:32 PM,2023 Mar 28 06:16:23 PM,30.26177368947115,-97.71657544804432,POINT (-97.716575448044 30.261773689471)
"627,062","614,410",R8-3,NO PARKING BOTH ARROWS,Sign Post,,SIGN_REGULATORY,Parking,NW,1.0,2.0,1.0,QC Complete,,,,2021 Nov 10 12:00:00 AM,2023 Oct 03 08:29:37 PM,2023 Oct 05 11:01:40 PM,30.22151718001165,-97.70131249211016,POINT (-97.70131249211 30.221517180012)
"581,360","277,188",,,Sign Post,,SIGN_POLE,,,1.0,2.0,1.0,QC Complete,,,,2021 Oct 30 12:00:00 AM,2023 Jan 04 02:16:29 PM,2023 Jan 05 04:05:41 PM,30.25029995762452,-97.72823977424264,POINT (-97.728239774243 30.250299957625)
"258,173","200,956",D3-1,W RUNDBERG LN,Street Name,,SIGN_GUIDE,Street Name,NE,1.0,2.0,1.0,QC Complete,,,,2021 Oct 16 12:00:00 AM,2022 Oct 20 09:23:54 PM,2023 Mar 28 06:16:23 PM,30.36989992093064,-97.71146293175592,POINT (-97.711462931756 30.369899920931)
"743,484","705,116",D3-1,ETHRIDGE AVE,Street Name,,SIGN_GUIDE,Street Name,SW,1.0,2.0,1.0,QC Complete,,,,2021 Nov 17 12:00:00 AM,2023 Oct 04 06:08:15 PM,2023 Oct 05 11:01:40 PM,30.29625152040581,-97.75704724232789,POINT (-97.757047242328 30.296251520406)
"665,738","621,922",,,Sign Post,,SIGN_POLE,,,1.0,2.0,1.0,,,,,2021 Nov 13 12:00:00 AM,2023 Oct 04 01:54:28 PM,2023 Oct 04 01:54:28 PM,30.196471336153,-97.78612673229966,POINT (-97.7861267323 30.196471336153)
"629,975","615,483",D3-1,PORTMARNOCK CT,Street Name,,SIGN_GUIDE,Street Name,SW,1.0,2.0,1.0,QC Complete,,,,2021 Nov 16 12:00:00 AM,2023 Oct 03 08:29:37 PM,2023 Oct 05 11:01:40 PM,30.135815572318,-97.78000933658834,POINT (-97.780009336588 30.135815572318)
"793,191","591,804",R2-5P,UNLESS OTHERWISE POSTED,Unless Otherwise Posted,,SIGN_REGULATORY,Speed Limit,N,1.0,1.0,1.0,QC Complete,,2023 Apr 12 06:03:00 PM,,,2024 Sep 10 12:56:33 PM,2024 Sep 10 12:56:33 PM,30.2221940052914,-97.86207291070956,POINT (-97.86207291071 30.222194005291)
"754,623","706,681",W16-9P,AHEAD,Sign Post,,SIGN_WARNING,Supplemental Plaque,NW,1.0,2.0,1.0,QC Complete,,,,2021 Apr 12 12:00:00 AM,2023 Oct 04 06:16:35 PM,2023 Oct 05 11:01:40 PM,30.277171447299946,-97.75983722419028,POINT (-97.75983722419 30.2771714473)
"229,207","194,732",R3-8,INTERSECTION LANE CONTROL,Sign Post,,SIGN_REGULATORY,Lane Control,SW,1.0,2.0,1.0,QC Complete,,,,2021 Oct 13 12:00:00 AM,2022 Oct 20 09:06:25 PM,2023 Mar 28 03:51:51 PM,30.425825405032484,-97.71504648012552,POINT (-97.715046480126 30.425825405032)
"756,557","707,826",R7-21a,15 MIN AT ANY TIME CUSTOMER SERVICE ZONE,Sign Post,,SIGN_REGULATORY,Parking,W,1.0,2.0,1.0,QC Complete,,,,2021 Apr 12 12:00:00 AM,2023 Oct 04 06:16:35 PM,2023 Oct 05 11:01:40 PM,30.270212034206107,-97.75076126748291,POINT (-97.750761267483 30.270212034206)
"582,889","278,973",,,Sign Post,,SIGN_POLE,,,1.0,1.0,1.0,QC Complete,,2025 Feb 24 05:54:00 PM,,2021 Nov 02 12:00:00 AM,2023 Jan 04 02:16:29 PM,2025 Feb 28 07:50:41 PM,30.181258152753248,-97.7637814004898,POINT (-97.76378140049 30.181258152753)
"673,405","610,929",,,Sign Post,,SIGN_POLE,,,1.0,2.0,1.0,,,,,2021 Nov 29 12:00:00 AM,2023 Oct 04 02:09:31 PM,2023 Oct 04 02:09:31 PM,30.202773353146423,-97.81488617767498,POINT (-97.814886177675 30.202773353146)
"571,830","279,943",D3-1,FAIRLANE DR,Street Name,,SIGN_GUIDE,Street Name,S,1.0,2.0,1.0,QC Complete,,,,2021 Nov 05 12:00:00 AM,2023 Jan 04 02:03:25 PM,2023 Mar 28 06:16:23 PM,30.338575933505243,-97.74891024944372,POINT (-97.748910249444 30.338575933505)
"713,424","695,619",D3-1,PERRY RD,Street Name,,SIGN_GUIDE,Street Name,SE,1.0,2.0,1.0,QC Complete,,,,2021 Jun 11 12:00:00 AM,2023 Oct 04 05:30:35 PM,2023 Oct 05 11:01:40 PM,30.2574743221912,-97.68620059104283,POINT (-97.686200591043 30.257474322191)
"686,242","609,651",R7-2,NO PARKING 12PM-12AM FRI-SUN EXCEPT WITH AREA RESIDENTIAL PERMIT LEFT ARROW,Sign Post,,SIGN_REGULATORY,Uncategorized,S,1.0,2.0,1.0,QC Complete,,,,2021 Nov 19 12:00:00 AM,2023 Oct 04 02:28:08 PM,2023 Dec 06 09:50:01 PM,30.257586478999063,-97.7646376609697,POINT (-97.76463766097 30.257586478999)
"76,890","37,878",,,Sign Post,,SIGN_POLE,,,1.0,2.0,1.0,QC Complete,,,,2021 Oct 26 12:00:00 AM,2022 Jun 30 02:03:59 PM,2025 Mar 03 09:05:29 PM,30.264534975067967,-97.74670342376176,POINT (-97.746703423762 30.264534975068)
"654,607","619,620",D3-1,MOUNT CARRELL DR,Street Name,,SIGN_GUIDE,Street Name,E,1.0,2.0,1.0,QC Complete,,,,2021 Nov 15 12:00:00 AM,2023 Oct 04 01:54:28 PM,2024 Jan 03 03:37:54 PM,30.199212544118875,-97.794997207788,POINT (-97.794997207788 30.199212544119)
"543,821","267,656",,,Sign Post,,SIGN_POLE,,,1.0,2.0,1.0,QC Complete,,,,2021 Oct 24 12:00:00 AM,2023 Jan 03 08:25:21 PM,2023 Jan 05 04:34:17 PM,30.337450535024832,-97.75685971469836,POINT (-97.756859714698 30.337450535025)
"533,991","268,128",D3-1,LOVE BIRD LN,Street Name,,SIGN_GUIDE,Street Name,SE,1.0,2.0,1.0,QC Complete,,,,2021 Oct 24 12:00:00 AM,2023 Jan 03 07:11:07 PM,2023 Mar 28 06:16:23 PM,30.367018582170857,-97.86285107891491,POINT (-97.862851078915 30.367018582171)
"60,690","36,068",D3-1,DUVAL ST,Street Name,,SIGN_GUIDE,Street Name,NE,2.0,2.0,1.0,QC Complete,,,,2021 Nov 09 12:00:00 AM,2022 Jun 30 02:03:59 PM,2023 Mar 28 06:16:23 PM,30.29855182735161,-97.72977761192227,POINT (-97.729777611922 30.298551827352)
"69,025","37,810",R7-201P,TOW-AWAY ZONE,Sign Post,,SIGN_REGULATORY,Parking,SW,1.0,2.0,1.0,QC Complete,,,,2021 Oct 26 12:00:00 AM,2022 Jun 30 02:03:59 PM,2023 Mar 28 06:16:23 PM,30.26617240657163,-97.74982307069013,POINT (-97.74982307069 30.266172406572)
"60,922","36,233",R8-3,NO PARKING RIGHT ARROW,Sign Post,,SIGN_REGULATORY,Parking,SE,1.0,2.0,1.0,QC Complete,,,,2021 Nov 09 12:00:00 AM,2022 Jun 30 02:03:59 PM,2023 Apr 19 09:26:52 PM,30.296586387468,-97.73140076493765,POINT (-97.731400764938 30.296586387468)
"566,537","277,750",R7-2,NO PARKING 7.30AM-8.30AM 3PM-4PM MON-FRI BOTH ARROWS,Sign Post,,SIGN_REGULATORY,Parking,NE,1.0,2.0,1.0,QC Complete,,,,2021 Nov 05 12:00:00 AM,2023 Jan 04 02:00:52 PM,2023 Mar 28 06:16:23 PM,30.33767172485049,-97.74123039919904,POINT (-97.741230399199 30.33767172485)
"539,853","269,463",D3-1,CARLISLE DR,Street Name,,SIGN_GUIDE,Street Name,NE,1.0,2.0,1.0,QC Complete,,,,2021 Nov 05 12:00:00 AM,2023 Jan 03 08:17:56 PM,2023 Mar 28 06:16:23 PM,30.34693497599156,-97.7496688126298,POINT (-97.74966881263 30.346934975992)
"64,732","40,119",Non-MUTCD,RESTRICTED LANE COMMERCIAL VEHICLE LOADING AND UNLOADING 9-11AM 2-4PM,Sign Post,,SIGN_GUIDE,Uncategorized,NW,1.0,2.0,1.0,QC Complete,,,,2021 Oct 26 12:00:00 AM,2022 Jun 30 02:03:59 PM,2023 Oct 05 11:01:40 PM,30.266928838615417,-97.73947556075616,POINT (-97.739475560756 30.266928838615)
"794,652","803,915",R7-201P,TOW AWAY ZONE SYMBOL,Tow Away Zone Symbol,10 x 15 in,SIGN_REGULATORY,,NE,1.0,1.0,1.0,QC Complete,Install,2024 Oct 09 03:37:00 PM,,,2024 Oct 11 12:45:45 PM,2025 Feb 03 04:07:47 PM,30.24256861211052,-97.751085796205,POINT (-97.751085796205 30.242568612111)
"793,981","800,037",R7-2,NO PARKING SYMBOL DOUBLE ARROW,No Parking Symbol Double Arrow,15 x 21 in,SIGN_REGULATORY,,S,1.0,1.0,1.0,QC Complete,Install,2024 Sep 20 04:12:00 PM,,,2024 Sep 27 12:50:49 PM,2024 Dec 16 04:48:04 PM,30.208622583023903,-97.88008261273514,POINT (-97.880082612735 30.208622583024)
"205,520","186,029",R4-7,KEEP RIGHT,Sign Post,,SIGN_REGULATORY,Traffic Flow,NW,1.0,2.0,1.0,QC Complete,,,,2021 Oct 06 12:00:00 AM,2022 Oct 20 08:55:36 PM,2023 Apr 20 02:57:50 PM,30.49287680538402,-97.79100166083218,POINT (-97.791001660832 30.492876805384)
"677,557","612,303",D3-1,MENCHACA RD,Street Name,,SIGN_GUIDE,Street Name,NW,1.0,2.0,1.0,QC Complete,,,,2021 Feb 12 12:00:00 AM,2023 Oct 04 02:09:31 PM,2024 Jan 03 03:37:54 PM,30.23618934144727,-97.78415428864882,POINT (-97.784154288649 30.236189341447)
"220,915","190,703",D3-1,HAVENWOOD DR,Street Name,,SIGN_GUIDE,Street Name,SE,1.0,2.0,1.0,QC Complete,,,,2021 Oct 09 12:00:00 AM,2022 Oct 20 09:01:31 PM,2023 Mar 28 06:16:23 PM,30.364750743705173,-97.74638509052843,POINT (-97.746385090528 30.364750743705)
"223,374","192,157",R3-2,NO LEFT TURN,Signal Post,,SIGN_REGULATORY,Movement Prohibition,SE,2.0,2.0,1.0,QC Complete,,,,2021 Oct 10 12:00:00 AM,2022 Oct 20 09:01:31 PM,2023 Apr 19 09:22:52 PM,30.35245550345056,-97.59282262230188,POINT (-97.592822622302 30.352455503451)
"176,740","137,759",,,Sign Post,,SIGN_POLE,Uncategorized,,1.0,2.0,1.0,QC Complete,,,,2021 Oct 25 12:00:00 AM,2022 Sep 16 12:54:11 PM,2023 Oct 06 07:57:16 PM,30.307026921924543,-97.69358146348976,POINT (-97.69358146349 30.307026921925)
"749,991","711,463",R7-2,HOURS MON-SAT 8AM-6PM,Sign Post,,SIGN_REGULATORY,Parking,NW,1.0,2.0,1.0,QC Complete,,,,2021 Apr 12 12:00:00 AM,2023 Oct 04 06:08:15 PM,2023 Oct 05 11:01:40 PM,30.282905896920223,-97.74212543109756,POINT (-97.742125431098 30.28290589692)
"794,906","795,383",P1,,Sign Post,10 ft,SIGN_POLE,,,0.0,1.0,1.0,QC Complete,Install,2024 Oct 15 04:31:00 PM,,,2024 Oct 18 12:41:02 PM,2024 Oct 23 06:04:00 PM,30.35139469532433,-97.68751235981026,POINT (-97.68751235981 30.351394695324)
"631,845","616,353",D3-1,POST RD,Street Name,,SIGN_GUIDE,Street Name,SE,1.0,2.0,1.0,QC Complete,,,,2021 Nov 11 12:00:00 AM,2023 Oct 03 08:29:37 PM,2023 Oct 05 11:01:40 PM,30.24138715537978,-97.75143106399904,POINT (-97.751431063999 30.24138715538)
"219,953","190,133",D3-1,ROCKCREST DR,Street Name,,SIGN_GUIDE,Street Name,SE,1.0,2.0,1.0,QC Complete,,,,2021 Oct 09 12:00:00 AM,2022 Oct 20 09:01:31 PM,2023 Mar 28 06:16:23 PM,30.384562584343016,-97.74937013016732,POINT (-97.749370130167 30.384562584343)
"779,973","779,412",P1,Square,"342: POLE, ''Square"", 10 ft",10 ft,SIGN_POLE,,,0.0,1.0,1.0,QC Complete,Install,2024 Apr 25 05:29:00 PM,,,2024 Jun 11 02:54:06 PM,2024 Jun 11 02:56:43 PM,30.413938005306,-97.85169191069532,POINT (-97.851691910695 30.413938005306)
"675,908","620,953",,,Sign Post,,SIGN_POLE,,,1.0,2.0,1.0,,,,,2021 Feb 12 12:00:00 AM,2023 Oct 04 02:09:31 PM,2023 Oct 04 02:09:31 PM,30.224137399511218,-97.77792136189656,POINT (-97.777921361897 30.224137399511)
"231,402","189,724",D3-1,PAINTED VALLEY DR,Street Name,,SIGN_GUIDE,Street Name,NE,1.0,2.0,1.0,QC Complete,,,,2021 Oct 09 12:00:00 AM,2022 Oct 20 09:06:25 PM,2023 Mar 28 06:16:23 PM,30.40844360096688,-97.76150868987618,POINT (-97.761508689876 30.408443600967)
"69,417","38,935",R7-9A,NO PARKING IN BIKE LANE,Street Light Post,,SIGN_REGULATORY,Bicycle,SW,1.0,2.0,1.0,QC Complete,,,,2021 Oct 26 12:00:00 AM,2022 Jun 30 02:03:59 PM,2023 Aug 31 04:24:02 PM,30.26497390763401,-97.74309127620808,POINT (-97.743091276208 30.264973907634)
"642,330","601,463",,,Sign Post,,SIGN_POLE,Uncategorized,,1.0,2.0,1.0,QC Complete,,,,2021 Nov 14 12:00:00 AM,2023 Oct 03 08:42:58 PM,2023 Oct 06 07:57:16 PM,30.180914870530508,-97.8319238585244,POINT (-97.831923858524 30.180914870531)
"762,671","707,544",,,Sign Post,,SIGN_POLE,,,1.0,2.0,1.0,,,,,2021 Apr 12 12:00:00 AM,2023 Oct 04 06:16:35 PM,2023 Oct 04 06:16:35 PM,30.275779296904748,-97.74861323451738,POINT (-97.748613234517 30.275779296905)
"258,549","201,864",D3-1,WALNUT BEND DR,Street Name,,SIGN_GUIDE,Street Name,NW,1.0,2.0,1.0,QC Complete,,,,2021 Oct 17 12:00:00 AM,2022 Oct 20 09:23:54 PM,2023 Mar 28 06:16:23 PM,30.366093181845144,-97.67570319382612,POINT (-97.675703193826 30.366093181845)
"174,532","133,810",,,Sign Post,,SIGN_POLE,Uncategorized,,1.0,2.0,1.0,QC Complete,,,,2021 Oct 23 12:00:00 AM,2022 Sep 16 12:54:11 PM,2023 Oct 06 07:57:16 PM,30.338356399505155,-97.70923610628194,POINT (-97.709236106282 30.338356399505)
"662,050","605,479",D3-1,FENCE LINE DR,Street Name,,SIGN_GUIDE,Street Name,SW,1.0,2.0,1.0,QC Complete,,,,2021 Nov 30 12:00:00 AM,2023 Oct 04 01:54:28 PM,2024 Jan 03 03:37:54 PM,30.22080904006833,-97.8486845643527,POINT (-97.848684564353 30.220809040068)
"557,271","273,351",R3-5,LEFT TURN ONLY,Signal Post,,SIGN_REGULATORY,Lane Control,NE,1.0,2.0,1.0,QC Complete,,,,2021 Oct 30 12:00:00 AM,2023 Jan 04 01:53:36 PM,2023 Mar 28 03:51:51 PM,30.28581295892073,-97.66483373354666,POINT (-97.664833733547 30.285812958921)
"220,137","190,237",W14-2aR,NO OUTLET,Sign Post,,SIGN_WARNING,Cross Section,SW,1.0,4.0,1.0,QC Complete,,,,2021 Oct 09 12:00:00 AM,2022 Oct 20 09:01:31 PM,2023 Mar 28 06:16:23 PM,30.38082670468617,-97.7558977497833,POINT (-97.755897749783 30.380826704686)
"636,431","616,946",,,Sign Post,,SIGN_POLE,,,1.0,2.0,1.0,,,,,2021 Nov 16 12:00:00 AM,2023 Oct 03 08:29:37 PM,2023 Oct 03 08:29:37 PM,30.183240338137285,-97.76556908581962,POINT (-97.76556908582 30.183240338137)
"217,430","187,819",,,Sign Post,,SIGN_POLE,,,1.0,2.0,1.0,QC Complete,,,,2021 Oct 07 12:00:00 AM,2022 Oct 20 09:01:31 PM,2022 Oct 31 04:51:03 PM,30.442403103356234,-97.75405564162342,POINT (-97.754055641623 30.442403103356)
"565,924","277,454",R7-201P,TOW-AWAY ZONE,Sign Post,,SIGN_REGULATORY,Parking,NE,1.0,2.0,1.0,QC Complete,,,,2021 Nov 02 12:00:00 AM,2023 Jan 04 02:00:52 PM,2023 Mar 28 06:16:23 PM,30.19991735100849,-97.75437679570328,POINT (-97.754376795703 30.199917351008)
"578,396","273,752",,,Sign Post,,SIGN_POLE,,,1.0,2.0,1.0,QC Complete,,,,2021 Nov 06 12:00:00 AM,2023 Jan 04 02:13:26 PM,2023 Jan 05 04:05:41 PM,30.2732886236836,-97.72198407265392,POINT (-97.721984072654 30.273288623684)
"671,336","608,801",,,Sign Post,,SIGN_POLE,,,1.0,2.0,1.0,,,,,2021 Feb 12 12:00:00 AM,2023 Oct 04 02:09:31 PM,2023 Oct 04 02:09:31 PM,30.246420367506825,-97.77365551872268,POINT (-97.773655518723 30.246420367507)
"581,853","277,752",,,Sign Post,,SIGN_POLE,,,1.0,2.0,1.0,QC Complete,,,,2021 Nov 05 12:00:00 AM,2023 Jan 04 02:16:29 PM,2023 Jan 05 04:12:24 PM,30.33643919395065,-97.74165446247795,POINT (-97.741654462478 30.336439193951)
"718,163","695,603",,,Sign Post,,SIGN_POLE,,,1.0,2.0,1.0,,,,,2021 Jun 11 12:00:00 AM,2023 Oct 04 05:30:35 PM,2023 Oct 04 05:30:35 PM,30.25616819200299,-97.68473725678558,POINT (-97.684737256786 30.256168192003)
"727,501","704,562",D9-2,HOSPITAL RIGHT ARROW,Sign Post,,SIGN_GUIDE,General Service Sign,SE,1.0,2.0,1.0,QC Complete,,,,2021 Nov 09 12:00:00 AM,2023 Oct 04 05:47:54 PM,2023 Oct 05 11:01:40 PM,30.30568041859854,-97.74443926209048,POINT (-97.74443926209 30.305680418599)
"77,577","40,499",,,Sign Post,,SIGN_POLE,,,1.0,2.0,1.0,QC Complete,,,,2021 Oct 29 12:00:00 AM,2022 Jun 30 02:03:59 PM,2022 Jun 30 02:57:51 PM,30.264517166701904,-97.72804575913946,POINT (-97.728045759139 30.264517166702)
"716,335","696,941",W13-1P,10 MPH,Sign Post,,SIGN_WARNING,Horizontal Alignment,SW,1.0,2.0,1.0,QC Complete,,,,2021 Aug 11 12:00:00 AM,2023 Oct 04 05:30:35 PM,2023 Oct 05 11:01:40 PM,30.33837335635576,-97.7786851342447,POINT (-97.778685134245 30.338373356356)
"535,520","268,654",Non-MUTCD,22 RIGHT ARROW,Wayfinding,,SIGN_GUIDE,Uncategorized,NE,1.0,2.0,1.0,QC Complete,,,,2021 Oct 24 12:00:00 AM,2023 Jan 03 07:11:07 PM,2023 Oct 05 11:01:40 PM,30.3594282281724,-97.76666721459132,POINT (-97.766667214591 30.359428228172)
"743,875","705,519",D3-1,JEFFERSON ST,Street Name,,SIGN_GUIDE,Street Name,SE,1.0,2.0,1.0,QC Complete,,,,2021 Nov 17 12:00:00 AM,2023 Oct 04 06:08:15 PM,2023 Oct 05 11:01:40 PM,30.310442992825497,-97.74972333970136,POINT (-97.749723339701 30.310442992825)
"662,839","611,894",D3-1,KEARSARGE CV,Street Name,,SIGN_GUIDE,Street Name,SE,1.0,2.0,1.0,QC Complete,,,,2021 Nov 29 12:00:00 AM,2023 Oct 04 01:54:28 PM,2024 Jan 03 03:37:54 PM,30.191675146085725,-97.82332021976345,POINT (-97.823320219763 30.191675146086)
"733,742","700,487",,,Sign Post,,SIGN_POLE,,,1.0,2.0,1.0,,,,,2021 May 12 12:00:00 AM,2023 Oct 04 05:47:54 PM,2023 Oct 04 05:47:54 PM,30.284060677361435,-97.77631642342986,POINT (-97.77631642343 30.284060677361)
"557,668","273,543",W8-3,PAVEMENT ENDS,Sign Post,,SIGN_WARNING,Surface Condition,SW,1.0,2.0,1.0,QC Complete,,,,2021 Oct 30 12:00:00 AM,2023 Jan 04 01:53:36 PM,2023 Mar 28 06:16:23 PM,30.27221889354739,-97.65032913274948,POINT (-97.650329132749 30.272218893547)
"210,910","188,905",D3-1,CHESTER CV,Street Name,,SIGN_GUIDE,Street Name,SE,1.0,2.0,1.0,QC Complete,,,,2021 Oct 08 12:00:00 AM,2022 Oct 20 08:55:36 PM,2023 Mar 28 06:16:23 PM,30.424579526543948,-97.80715876928576,POINT (-97.807158769286 30.424579526544)
"735,657","702,401",D3-1,E 45TH ST,Street Name,,SIGN_GUIDE,Street Name,SW,1.0,2.0,1.0,QC Complete,,,,2021 Sep 11 12:00:00 AM,2023 Oct 04 05:47:54 PM,2025 Apr 10 05:56:43 PM,30.30407501473671,-97.7177612774715,POINT (-97.717761277471 30.304075014737)
"205,438","185,996",D3-1,HARPSTER BEND,Street Name,,SIGN_GUIDE,Street Name,SW,1.0,2.0,1.0,QC Complete,,,,2021 Oct 06 12:00:00 AM,2022 Oct 20 08:55:36 PM,2023 Mar 28 06:16:23 PM,30.490422221129062,-97.80014966131664,POINT (-97.800149661317 30.490422221129)
"541,792","266,955",,,Sign Post,,SIGN_POLE,,,1.0,2.0,1.0,QC Complete,,,,2021 Oct 23 12:00:00 AM,2023 Jan 03 08:25:21 PM,2023 Jan 05 04:28:26 PM,30.40416500306413,-97.85469070210236,POINT (-97.854690702102 30.404165003064)
"719,905","702,684",,,Sign Post,,SIGN_POLE,,,1.0,2.0,1.0,,,,,2021 Sep 11 12:00:00 AM,2023 Oct 04 05:30:35 PM,2023 Oct 04 05:30:35 PM,30.319272789834503,-97.7686069385688,POINT (-97.768606938569 30.319272789835)
"753,373","700,265",Non-MUTCD,AMTRAK STRAIGHT ARROW,Wayfinding,,SIGN_GUIDE,Uncategorized,SE,1.0,2.0,1.0,QC Complete,,,,2021 Nov 20 12:00:00 AM,2023 Oct 04 06:16:35 PM,2023 Oct 05 11:01:40 PM,30.267672959652945,-97.75632515949272,POINT (-97.756325159493 30.267672959653)
"741,671","710,740",,,Sign Post,,SIGN_POLE,,,1.0,2.0,1.0,,,,,2021 Apr 12 12:00:00 AM,2023 Oct 04 05:47:54 PM,2023 Oct 04 05:47:54 PM,30.29587744527767,-97.73824225134952,POINT (-97.73824225135 30.295877445278)
"230,085","192,764",D3-1,ARMAGA SPRINGS RD,Street Name,,SIGN_GUIDE,Street Name,NW,1.0,2.0,1.0,QC Complete,,,,2021 Oct 11 12:00:00 AM,2022 Oct 20 09:06:25 PM,2023 Mar 28 06:16:23 PM,30.42762442828489,-97.69117112146311,POINT (-97.691171121463 30.427624428285)
"651,271","611,777",D3-1,TOULOUSE DR,Street Name,,SIGN_GUIDE,Street Name,NE,1.0,2.0,1.0,QC Complete,,,,2021 Nov 18 12:00:00 AM,2023 Oct 03 08:42:58 PM,2023 Oct 05 11:01:40 PM,30.18416593346724,-97.82871019814338,POINT (-97.828710198143 30.184165933467)
"177,921","134,057",,,Sign Post,,SIGN_POLE,Uncategorized,,1.0,2.0,1.0,QC Complete,,,,2021 Nov 05 12:00:00 AM,2022 Sep 16 12:54:11 PM,2023 Oct 06 07:57:16 PM,30.356851525005208,-97.72022188210109,POINT (-97.720221882101 30.356851525005)
"676,085","621,303",Non-MUTCD,31 STRAIGHT ARROW,Wayfinding,,SIGN_GUIDE,Uncategorized,SW,1.0,2.0,1.0,QC Complete,,,,2021 Jan 12 12:00:00 AM,2023 Oct 04 02:09:31 PM,2023 Dec 06 09:50:01 PM,30.21103052608649,-97.78701100998148,POINT (-97.787011009981 30.211030526086)
"732,172","700,974",D3-1,COURTLAND LN,Street Name,,SIGN_GUIDE,Street Name,SE,1.0,2.0,1.0,QC Complete,,,,2021 Nov 20 12:00:00 AM,2023 Oct 04 05:47:54 PM,2023 Oct 05 11:01:40 PM,30.293280782068518,-97.77300684596048,POINT (-97.77300684596 30.293280782069)
"640,961","601,854",W16-7PL,DIAGONAL DOWNWARD POINTING ARROW,Sign Post,,SIGN_WARNING,Supplemental Plaque,SE,1.0,2.0,1.0,QC Complete,,,,2021 Nov 18 12:00:00 AM,2023 Oct 03 08:42:58 PM,2023 Oct 05 11:01:40 PM,30.17238059378311,-97.91025206834496,POINT (-97.910252068345 30.172380593783)
"727,615","704,626",D3-1,39TH ST,Street Name,,SIGN_GUIDE,Street Name,SW,1.0,2.0,1.0,QC Complete,,,,2021 Nov 09 12:00:00 AM,2023 Oct 04 05:47:54 PM,2023 Oct 05 11:01:40 PM,30.302760774356223,-97.7344739292979,POINT (-97.734473929298 30.302760774356)
"719,304","696,899",,,Sign Post,,SIGN_POLE,,,1.0,2.0,1.0,,,,,2021 Jul 11 12:00:00 AM,2023 Oct 04 05:30:35 PM,2023 Oct 04 05:30:35 PM,30.26104445008129,-97.666368149308,POINT (-97.666368149308 30.261044450081)
"242,018","201,275",S5-2,END SCHOOL ZONE,Sign Post,,SIGN_GUIDE,School,SE,1.0,1.0,1.0,QC Complete,,2024 Nov 15 04:41:00 PM,,2021 Oct 09 12:00:00 AM,2022 Oct 20 09:11:52 PM,2024 Nov 22 07:05:37 PM,30.373002897060367,-97.66728538461214,POINT (-97.667285384612 30.37300289706)
"169,183","137,713",D3-1,SWEENEY LN,Street Name,,Guide,Street Name,NE,1.0,2.0,1.0,QC Complete,,,,2021 Oct 20 12:00:00 AM,2022 Sep 16 12:54:11 PM,2023 Mar 28 06:16:23 PM,30.305861229584185,-97.67906884610392,POINT (-97.679068846104 30.305861229584)
"665,951","606,532",D3-1,INDIO DR,Sign Post,,SIGN_GUIDE,Uncategorized,NE,1.0,2.0,1.0,QC Complete,,,,2021 Nov 13 12:00:00 AM,2023 Oct 04 02:09:31 PM,2023 Dec 26 04:08:25 PM,30.222989257974533,-97.80541683813698,POINT (-97.805416838137 30.222989257975)
"686,492","609,773",R7-9A,NO PARKING BIKE LANE BOTH ARROWS,Sign Post,,SIGN_REGULATORY,Uncategorized,SW,1.0,2.0,1.0,QC Complete,,,,2021 Nov 19 12:00:00 AM,2023 Oct 04 02:28:08 PM,2023 Dec 06 09:50:01 PM,30.270650841954907,-97.81065224054706,POINT (-97.810652240547 30.270650841955)
"203,996","185,227",D3-1,BUNDORAN DR,Street Name,,SIGN_GUIDE,Street Name,NE,1.0,2.0,1.0,QC Complete,,,,2021 Oct 07 12:00:00 AM,2022 Oct 20 08:55:36 PM,2023 Mar 28 06:16:23 PM,30.502695872554497,-97.76168484328842,POINT (-97.761684843288 30.502695872554)
"213,737","187,770",D3-1,POND SPRINGS RD,Street Name,,SIGN_GUIDE,Street Name,NE,1.0,2.0,1.0,QC Complete,,,,2021 Oct 07 12:00:00 AM,2022 Oct 20 09:01:31 PM,2023 Mar 28 06:16:23 PM,30.446724529518352,-97.78006020736808,POINT (-97.780060207368 30.446724529518)
"241,827","201,170",D3-1,KING HENRY DR,Street Name,,SIGN_GUIDE,Street Name,SE,1.0,2.0,1.0,QC Complete,,,,2021 Oct 18 12:00:00 AM,2022 Oct 20 09:11:52 PM,2023 Mar 28 06:16:23 PM,30.29158936779838,-97.6610015440535,POINT (-97.661001544053 30.291589367798)
"747,172","708,737",R7-201P,TOW-AWAY ZONE,Sign Post,,SIGN_REGULATORY,Parking,SE,1.0,2.0,1.0,QC Complete,,,,2021 Apr 12 12:00:00 AM,2023 Oct 04 06:08:15 PM,2023 Oct 05 11:01:40 PM,30.283958546804232,-97.7446963154326,POINT (-97.744696315433 30.283958546804)
"807,755","807,751",P1,,Sign Post,10 ft,SIGN_POLE,,,0.0,1.0,1.0,QC Complete,Install,2024 Dec 27 02:01:00 PM,,,2025 Mar 11 10:07:18 PM,2025 Mar 11 10:07:18 PM,30.2728077990882,-97.74174767291052,POINT (-97.741747672911 30.272807799088)
"635,304","618,102",D3-1,S IH 35 SVRD,Street Name,,SIGN_GUIDE,Street Name,NW,1.0,2.0,1.0,QC Complete,,,,2021 Nov 11 12:00:00 AM,2023 Oct 03 08:29:37 PM,2023 Oct 05 11:01:40 PM,30.2282110175101,-97.743844065692,POINT (-97.743844065692 30.22821101751)
"583,657","279,830",,,Sign Post,,SIGN_POLE,,,1.0,2.0,1.0,QC Complete,,,,2021 Nov 05 12:00:00 AM,2023 Jan 04 02:16:29 PM,2023 Jan 05 04:12:24 PM,30.343647789573502,-97.7403431743753,POINT (-97.740343174375 30.343647789574)
"659,385","604,982",W14-2aL,NO OUTLET,Sign Post,,SIGN_WARNING,Uncategorized,NE,1.0,2.0,1.0,QC Complete,,,,2021 Jan 12 12:00:00 AM,2023 Oct 04 01:54:28 PM,2023 Dec 06 09:50:01 PM,30.21897849699296,-97.86454407584452,POINT (-97.864544075845 30.218978496993)
"665,680","621,760",,,Sign Post,,SIGN_POLE,,,1.0,2.0,1.0,,,,,2021 Nov 13 12:00:00 AM,2023 Oct 04 01:54:28 PM,2023 Oct 04 01:54:28 PM,30.202939185709937,-97.78661030628044,POINT (-97.78661030628 30.20293918571)
"724,211","703,985",R7-201P,TOW-AWAY ZONE,Sign Post,,SIGN_REGULATORY,Parking,S,1.0,2.0,1.0,QC Complete,,,,2021 Sep 11 12:00:00 AM,2023 Oct 04 05:30:35 PM,2023 Oct 05 11:01:40 PM,30.3213475381609,-97.77291151823285,POINT (-97.772911518233 30.321347538161)
"715,521","696,583",D3-1,MANSELL AVE,Street Name,,SIGN_GUIDE,Street Name,NW,1.0,2.0,1.0,QC Complete,,,,2021 Jul 11 12:00:00 AM,2023 Oct 04 05:30:35 PM,2023 Oct 05 11:01:40 PM,30.27552772354861,-97.68656035060764,POINT (-97.686560350608 30.275527723549)
"728,353","699,957",D3-1,DUVAL ST,Street Name,,SIGN_GUIDE,Street Name,NW,1.0,2.0,1.0,QC Complete,,,,2021 Nov 09 12:00:00 AM,2023 Oct 04 05:47:54 PM,2023 Oct 05 11:01:40 PM,30.31202572254911,-97.72147539966252,POINT (-97.721475399663 30.312025722549)
"754,978","706,826",R7-201P,TOW-AWAY ZONE,Sign Post,,SIGN_REGULATORY,Parking,NW,1.0,2.0,1.0,QC Complete,,,,2021 Apr 12 12:00:00 AM,2023 Oct 04 06:16:35 PM,2023 Oct 05 11:01:40 PM,30.27097377250642,-97.75715802680573,POINT (-97.757158026806 30.270973772506)
"754,908","706,798",R7-21a,15 MIN AT ANY TIME CUSTOMER SERVICE ZONE LEFT ARROW,Sign Post,,SIGN_REGULATORY,Parking,NW,1.0,2.0,1.0,QC Complete,,,,2021 Apr 12 12:00:00 AM,2023 Oct 04 06:16:35 PM,2023 Oct 05 11:01:40 PM,30.271585874219134,-97.7572442509691,POINT (-97.757244250969 30.271585874219)
"216,888","186,963",,,Sign Post,,SIGN_POLE,,,1.0,2.0,1.0,QC Complete,,,,2021 Oct 07 12:00:00 AM,2022 Oct 20 09:01:31 PM,2022 Oct 31 04:09:46 PM,30.450885988571745,-97.80869676303462,POINT (-97.808696763035 30.450885988572)
"59,916","35,860",R7-201P,TOW-AWAY ZONE,Sign Post,,SIGN_REGULATORY,Parking,SW,1.0,2.0,1.0,QC Complete,,,,2021 Oct 29 12:00:00 AM,2022 Jun 30 02:03:59 PM,2023 Mar 28 06:16:23 PM,30.29151725090373,-97.73530477150476,POINT (-97.735304771505 30.291517250904)
"742,662","704,399",,,Sign Post,,SIGN_POLE,,,1.0,2.0,1.0,,,,,2021 Nov 17 12:00:00 AM,2023 Oct 04 06:08:15 PM,2023 Oct 04 06:08:15 PM,30.308616301693213,-97.74981145331763,POINT (-97.749811453318 30.308616301693)
"682,093","601,526",,,Sign Post,,SIGN_POLE,Uncategorized,,1.0,2.0,1.0,QC Complete,,,,2021 Nov 14 12:00:00 AM,2023 Oct 04 02:28:08 PM,2023 Oct 06 07:57:16 PM,30.257869482989328,-97.86392144542754,POINT (-97.863921445428 30.257869482989)
"646,778","602,370",,,Sign Post,,SIGN_POLE,,,1.0,2.0,1.0,,,,,2021 Nov 18 12:00:00 AM,2023 Oct 03 08:42:58 PM,2023 Oct 03 08:42:58 PM,30.18293473043149,-97.85547830587278,POINT (-97.855478305873 30.182934730431)
"790,922","708,848",R7-201P,TOW AWAY ZONE SYMBOL,Tow Away Zone Symbol,10 x 15 in,SIGN_REGULATORY,Parking,NW,1.0,1.0,1.0,QC Complete,,2021 Dec 16 11:02:00 AM,,2021 Apr 12 12:00:00 AM,2024 Aug 29 02:05:53 PM,2024 Aug 29 02:10:49 PM,30.278836553980863,-97.7424816443882,POINT (-97.742481644388 30.278836553981)
"174,619","133,910",,,Sign Post,,SIGN_POLE,Uncategorized,,1.0,2.0,1.0,QC Complete,,,,2021 Oct 23 12:00:00 AM,2022 Sep 16 12:54:11 PM,2023 Oct 06 07:57:16 PM,30.33929758354001,-97.71531320460144,POINT (-97.715313204601 30.33929758354)
"61,371","36,397",R7-2,NO PARKING 8AM-4PM MON-FRI EXCEPT WITH AREA RESIDENTIAL PERMIT BOTH ARROWS,Sign Post,,SIGN_REGULATORY,Parking,NW,1.0,2.0,1.0,QC Complete,,,,2021 Oct 29 12:00:00 AM,2022 Jun 30 02:03:59 PM,2023 Mar 28 06:16:23 PM,30.29406241951916,-97.72971228750292,POINT (-97.729712287503 30.294062419519)
"735,632","702,390",R8-3,NO PARKING BOTH ARROWS,Sign Post,,SIGN_REGULATORY,Parking,SE,1.0,2.0,1.0,QC Complete,,,,2021 Aug 11 12:00:00 AM,2023 Oct 04 05:47:54 PM,2023 Oct 05 11:01:40 PM,30.305172898040414,-97.720523094548,POINT (-97.720523094548 30.30517289804)
"768,678","768,677",R7-201P,TOW-AWAY ZONE,Sign Post,10 x 15 in,SIGN_REGULATORY,Parking,N,1.0,1.0,1.0,QC Complete,Install,2023 Sep 24 09:21:00 AM,,,2023 Dec 20 02:37:31 PM,2024 Apr 09 01:46:23 PM,30.259176737200143,-97.69976877959368,POINT (-97.699768779594 30.2591767372)
"62,020","36,846",R7-201P,TOW-AWAY ZONE,Sign Post,,SIGN_REGULATORY,Parking,W,1.0,2.0,1.0,QC Complete,,,,2021 Oct 29 12:00:00 AM,2022 Jun 30 02:03:59 PM,2023 Mar 28 06:16:23 PM,30.29967313195878,-97.7087989563905,POINT (-97.70879895639 30.299673131959)
"718,194","695,636",,,Sign Post,,SIGN_POLE,,,1.0,2.0,1.0,,,,,2021 Jun 11 12:00:00 AM,2023 Oct 04 05:30:35 PM,2023 Oct 04 05:30:35 PM,30.255881659883183,-97.6853528342808,POINT (-97.685352834281 30.255881659883)
"544,442","269,954",D3-1,ESCUELITA DR,Street Name,,SIGN_GUIDE,Street Name,SW,1.0,2.0,1.0,QC Complete,,,,2021 Oct 29 12:00:00 AM,2023 Jan 03 08:25:21 PM,2023 Mar 28 06:16:23 PM,30.187122448619373,-97.74004545514622,POINT (-97.740045455146 30.187122448619)
"17,489","17,127",P1,Square,"342: POLE, ''Square"", 10 ft",10 ft,SIGN_POLE,,,0.0,1.0,1.0,QC Complete,,2022 Apr 05 10:56:00 AM,,,2022 Apr 14 07:54:17 PM,2022 Apr 28 01:39:29 PM,30.286569305087852,-97.74630861056968,POINT (-97.74630861057 30.286569305088)
"209,443","188,054",R7-201P,TOW-AWAY ZONE,Sign Post,,SIGN_REGULATORY,Parking,NW,1.0,2.0,1.0,QC Complete,,,,2021 Oct 07 12:00:00 AM,2022 Oct 20 08:55:36 PM,2023 Mar 28 06:16:23 PM,30.43602402901741,-97.77052951797894,POINT (-97.770529517979 30.436024029017)
"163,118","133,812",R7-201P,TOW-AWAY ZONE,Sign Post,,Regulatory,Parking,SW,1.0,2.0,1.0,QC Complete,,,,2021 Oct 22 12:00:00 AM,2022 Sep 16 12:49:45 PM,2023 Mar 28 06:16:23 PM,30.33877080198952,-97.71006850326272,POINT (-97.710068503263 30.33877080199)
"728,098","704,872",D3-1,BARROW AVE,Street Name,,SIGN_GUIDE,Street Name,NW,1.0,2.0,1.0,QC Complete,,,,2021 Nov 09 12:00:00 AM,2023 Oct 04 05:47:54 PM,2023 Oct 05 11:01:40 PM,30.30186772298034,-97.72664290759766,POINT (-97.726642907598 30.30186772298)
"719,997","696,397",,,Sign Post,,SIGN_POLE,,,1.0,2.0,1.0,,,,,2021 Jul 11 12:00:00 AM,2023 Oct 04 05:30:35 PM,2023 Oct 04 05:30:35 PM,30.28306647817556,-97.67571948434644,POINT (-97.675719484346 30.283066478176)
"746,299","707,294",,,Sign Post,,SIGN_POLE,,,1.0,2.0,1.0,,,,,2021 Sep 11 12:00:00 AM,2023 Oct 04 06:08:15 PM,2023 Oct 04 06:08:15 PM,30.310027588190916,-97.74629050545217,POINT (-97.746290505452 30.310027588191)
"683,186","608,256",D3-1,ANGELFIRE LN,Street Name,,SIGN_GUIDE,Street Name,SE,1.0,2.0,1.0,QC Complete,,,,2021 Nov 19 12:00:00 AM,2023 Oct 04 02:28:08 PM,2024 Jan 03 03:37:54 PM,30.263417689065196,-97.79862517580344,POINT (-97.798625175803 30.263417689065)
"209,377","188,126",D3-1,MC NEIL DR,Street Name,,SIGN_GUIDE,Street Name,SE,2.0,2.0,1.0,QC Complete,,,,2021 Oct 07 12:00:00 AM,2022 Oct 20 08:55:36 PM,2023 Mar 28 06:16:23 PM,30.435088143934266,-97.7670674827833,POINT (-97.767067482783 30.435088143934)
